-31.456868471163236,-64.214673049091061,10,gps,21:00:00
-31.456868471163236,-64.214673049091061,10,gps,21:00:00
-31.45677605367871,-64.214655008378681,10,gps,21:00:00
-31.45677605367871,-64.214655008378681,10,gps,21:00:00
-31.456680163351297,-64.214634134455381,10,gps,21:00:00
-31.456680163351297,-64.214634134455381,10,gps,21:00:00
-31.456583557829536,-64.214610291036051,10,gps,21:00:00
-31.456583557829536,-64.214610291036051,10,gps,21:00:00
-31.456491410414067,-64.214590051063231,10,gps,21:00:00
-31.456491410414067,-64.214590051063231,10,gps,21:00:00
-31.456408282951553,-64.214572077704121,9,gps,21:00:00
-31.456408282951553,-64.214572077704121,9,gps,21:00:00
-31.456333534194076,-64.214557986177941,8,gps,21:00:00
-31.456333534194076,-64.214557986177941,8,gps,21:00:00
-31.45627170613115,-64.214533668516671,6,gps,21:00:00
-31.45627170613115,-64.214533668516671,6,gps,21:00:00
-31.456222077144773,-64.214500026048981,6,gps,21:00:00
-31.456222077144773,-64.214500026048981,6,gps,21:00:00
-31.45618707696433,-64.214449378545651,6,gps,21:00:00
-31.45618707696433,-64.214449378545651,6,gps,21:00:00
-31.456163496349337,-64.214382647703351,6,gps,21:00:00
-31.456163496349337,-64.214382647703351,6,gps,21:00:00
-31.45616527553636,-64.214314367003141,6,gps,21:00:00
-31.45616527553636,-64.214314367003141,6,gps,21:00:00
-31.456174995725334,-64.214243155286481,6,gps,21:00:00
-31.456174995725334,-64.214243155286481,6,gps,21:00:00
-31.456177244826684,-64.21417409100381,6,gps,21:00:00
-31.456177244826684,-64.21417409100381,6,gps,21:00:00
-31.45616681730816,-64.214109904733971,6,gps,21:00:00
-31.45616681730816,-64.214109904733971,6,gps,21:00:00
-31.456137139996226,-64.214052169790361,6,gps,21:00:00
-31.456137139996226,-64.214052169790361,6,gps,21:00:00
-31.45608909555672,-64.214011106353771,6,gps,21:00:00
-31.45608909555672,-64.214011106353771,6,gps,21:00:00
-31.456018992911652,-64.21398986758131,8,gps,21:00:00
-31.456018992911652,-64.21398986758131,8,gps,21:00:00
-31.455954090558958,-64.213971619520851,7,gps,21:00:00
-31.455954090558958,-64.213971619520851,7,gps,21:00:00
-31.455887854721773,-64.213953881249411,7,gps,21:00:00
-31.455887854721773,-64.213953881249411,7,gps,21:00:00
-31.45579937565191,-64.213926503371681,10,gps,21:00:00
-31.45579937565191,-64.213926503371681,10,gps,21:00:00
-31.455696122714283,-64.213894670561,11,gps,21:00:00
-31.455696122714283,-64.213894670561,11,gps,21:00:00
-31.45559955315076,-64.213870843219571,10,gps,21:00:00
-31.45559955315076,-64.213870843219571,10,gps,21:00:00
-31.45550981648957,-64.213844307877311,10,gps,21:00:00
-31.45550981648957,-64.213844307877311,10,gps,21:00:00
-31.455408028495565,-64.213814052833631,11,gps,21:00:00
-31.455408028495565,-64.213814052833631,11,gps,21:00:00
-31.45530393103038,-64.213784274152691,11,gps,21:00:00
-31.45530393103038,-64.213784274152691,11,gps,21:00:00
-31.455195805306783,-64.213753466346771,12,gps,21:00:00
-31.455195805306783,-64.213753466346771,12,gps,21:00:00
-31.455083766009984,-64.213722822699141,12,gps,21:00:00
-31.455083766009984,-64.213722822699141,12,gps,21:00:00
-31.45498838637535,-64.21369661007261,10,gps,21:00:00
-31.45498838637535,-64.21369661007261,10,gps,21:00:00
-31.454888858243415,-64.213669609239181,10,gps,21:00:00
-31.454888858243415,-64.213669609239181,10,gps,21:00:00
-31.45478110489229,-64.213636883556731,12,gps,21:00:00
-31.45478110489229,-64.213636883556731,12,gps,21:00:00
-31.454679606091155,-64.213610832001541,11,gps,21:00:00
-31.454679606091155,-64.213610832001541,11,gps,21:00:00
-31.454573714818945,-64.213582554320521,11,gps,21:00:00
-31.454573714818945,-64.213582554320521,11,gps,21:00:00
-31.454468422338905,-64.213555294365951,11,gps,21:00:00
-31.454468422338905,-64.213555294365951,11,gps,21:00:00
-31.45434623692299,-64.213522087860411,13,gps,21:00:00
-31.45434623692299,-64.213522087860411,13,gps,21:00:00
-31.45422633923339,-64.213488886938391,12,gps,21:00:00
-31.45422633923339,-64.213488886938391,12,gps,21:00:00
-31.454110114003413,-64.213456437961091,12,gps,21:00:00
-31.454110114003413,-64.213456437961091,12,gps,21:00:00
-31.45399666856641,-64.213422802793721,12,gps,21:00:00
-31.45399666856641,-64.213422802793721,12,gps,21:00:00
-31.45388382198835,-64.213398357294421,11,gps,21:00:00
-31.45388382198835,-64.213398357294421,11,gps,21:00:00
-31.45377143285264,-64.213367517653721,11,gps,21:00:00
-31.45377143285264,-64.213367517653721,11,gps,21:00:00
-31.453647582844347,-64.21333491736811,11,gps,21:00:00
-31.453647582844347,-64.21333491736811,11,gps,21:00:00
-31.453534214719806,-64.213308777814161,11,gps,21:00:00
-31.453534214719806,-64.213308777814161,11,gps,21:00:00
-31.453427967394916,-64.21327719825151,10,gps,21:00:00
-31.453427967394916,-64.21327719825151,10,gps,21:00:00
-31.453326774050254,-64.213246503872071,10,gps,21:00:00
-31.453326774050254,-64.213246503872071,10,gps,21:00:00
-31.453234298649225,-64.213227440846621,9,gps,21:00:00
-31.453234298649225,-64.213227440846621,9,gps,21:00:00
-31.45314736226206,-64.213203024394221,9,gps,21:00:00
-31.45314736226206,-64.213203024394221,9,gps,21:00:00
-31.45306653532535,-64.213178833814921,8,gps,21:00:00
-31.45306653532535,-64.213178833814921,8,gps,21:00:00
-31.452983499366702,-64.213157833381541,9,gps,21:00:00
-31.452983499366702,-64.213157833381541,9,gps,21:00:00
-31.45289322927466,-64.213135141559361,9,gps,21:00:00
-31.45289322927466,-64.213135141559361,9,gps,21:00:00
-31.45279768472127,-64.213110895467781,10,gps,21:00:00
-31.45279768472127,-64.213110895467781,10,gps,21:00:00
-31.452700471561506,-64.213082060030461,11,gps,21:00:00
-31.452700471561506,-64.213082060030461,11,gps,21:00:00
-31.45261720965423,-64.213060053410761,9,gps,21:00:00
-31.45261720965423,-64.213060053410761,9,gps,21:00:00
-31.45253928977108,-64.213039544802461,8,gps,21:00:00
-31.45253928977108,-64.213039544802461,8,gps,21:00:00
-31.452466824878027,-64.213012368753751,8,gps,21:00:00
-31.452466824878027,-64.213012368753751,8,gps,21:00:00
-31.452391922977313,-64.212991563133871,8,gps,21:00:00
-31.452391922977313,-64.212991563133871,8,gps,21:00:00
-31.452319274566268,-64.212971998076011,8,gps,21:00:00
-31.452319274566268,-64.212971998076011,8,gps,21:00:00
-31.452271018463026,-64.21295852068421,5,gps,21:00:00
-31.452271018463026,-64.21295852068421,5,gps,21:00:00
-31.452243144817253,-64.212947903035671,2,gps,21:00:00
-31.452243144817253,-64.212947903035671,2,gps,21:00:00
-31.452227457928647,-64.21294491356641,1,gps,21:00:00
-31.452227457928647,-64.21294491356641,1,gps,21:00:00
-31.452216756443292,-64.212939443645441,1,gps,21:00:00
-31.452216756443292,-64.212939443645441,1,gps,21:00:00
-31.452205892369513,-64.212936428329311,1,gps,21:00:00
-31.452205892369513,-64.212936428329311,1,gps,21:00:00
-31.45219426416249,-64.212930567360971,0,gps,21:00:00
-31.45219426416249,-64.212930567360971,0,gps,21:00:00
-31.452181239426036,-64.212924473362621,1,gps,21:00:00
-31.452181239426036,-64.212924473362621,1,gps,21:00:00
-31.452160403248627,-64.21291620390261,2,gps,21:00:00
-31.452160403248627,-64.21291620390261,2,gps,21:00:00
-31.452128706973514,-64.212907234103271,3,gps,21:00:00
-31.452128706973514,-64.212907234103271,3,gps,21:00:00
-31.45210039847536,-64.212898683621281,2,gps,21:00:00
-31.45210039847536,-64.212898683621281,2,gps,21:00:00
-31.45208460041299,-64.212891514789091,1,gps,21:00:00
-31.45208460041299,-64.212891514789091,1,gps,21:00:00
-31.452084547675756,-64.212891489274011,0,gps,21:00:00
-31.452084547675756,-64.212891489274011,0,gps,21:00:00
-31.4520806788779,-64.212890386500671,0,gps,21:00:00
-31.4520806788779,-64.212890386500671,0,gps,21:00:00
-31.45208067724878,-64.212890387083231,0,gps,21:00:00
-31.45208067724878,-64.212890387083231,0,gps,21:00:00
-31.45208067723347,-64.212890387078231,0,gps,21:00:00
-31.45208067723347,-64.212890387078231,0,gps,21:00:00
-31.45208067723328,-64.212890387078131,0,gps,21:00:00
-31.45208067723328,-64.212890387078131,0,gps,21:00:00
-31.452080677233276,-64.212890387078131,0,gps,21:00:00
-31.452080677233276,-64.212890387078131,0,gps,21:00:00
-31.452070613236263,-64.212887219527121,1,gps,21:00:00
-31.452070613236263,-64.212887219527121,1,gps,21:00:00
-31.45204387208291,-64.212878749793961,2,gps,21:00:00
-31.45204387208291,-64.212878749793961,2,gps,21:00:00
-31.452009186761558,-64.212870676620231,3,gps,21:00:00
-31.452009186761558,-64.212870676620231,3,gps,21:00:00
-31.45197321968948,-64.212861088076451,4,gps,21:00:00
-31.45197321968948,-64.212861088076451,4,gps,21:00:00
-31.451934854618635,-64.212847704730141,4,gps,21:00:00
-31.451934854618635,-64.212847704730141,4,gps,21:00:00
-31.451887166969364,-64.21283116208641,5,gps,21:00:00
-31.451887166969364,-64.21283116208641,5,gps,21:00:00
-31.45182873899751,-64.212810094393561,6,gps,21:00:00
-31.45182873899751,-64.212810094393561,6,gps,21:00:00
-31.451770963322264,-64.212788473224991,6,gps,21:00:00
-31.451770963322264,-64.212788473224991,6,gps,21:00:00
-31.451702027940904,-64.21276751152461,7,gps,21:00:00
-31.451702027940904,-64.21276751152461,7,gps,21:00:00
-31.451630580037197,-64.21274126261871,7,gps,21:00:00
-31.451630580037197,-64.21274126261871,7,gps,21:00:00
-31.45155291397778,-64.212712630483721,8,gps,21:00:00
-31.45155291397778,-64.212712630483721,8,gps,21:00:00
-31.4514771158898,-64.21268702669171,8,gps,21:00:00
-31.4514771158898,-64.21268702669171,8,gps,21:00:00
-31.451410741630955,-64.212664972316381,7,gps,21:00:00
-31.451410741630955,-64.212664972316381,7,gps,21:00:00
-31.4513429129114,-64.212644581130971,7,gps,21:00:00
-31.4513429129114,-64.212644581130971,7,gps,21:00:00
-31.45126829948807,-64.212622737495321,7,gps,21:00:00
-31.45126829948807,-64.212622737495321,7,gps,21:00:00
-31.4511830660162,-64.21259753664611,7,gps,21:00:00
-31.4511830660162,-64.21259753664611,7,gps,21:00:00
-31.451097172903907,-64.212569846270141,9,gps,21:00:00
-31.451097172903907,-64.212569846270141,9,gps,21:00:00
-31.45099386245893,-64.212530432942561,11,gps,21:00:00
-31.45099386245893,-64.212530432942561,11,gps,21:00:00
-31.45091057943066,-64.212506003610241,9,gps,21:00:00
-31.45091057943066,-64.212506003610241,9,gps,21:00:00
-31.45081237438564,-64.212481016704861,10,gps,21:00:00
-31.45081237438564,-64.212481016704861,10,gps,21:00:00
-31.45070955096931,-64.212452162621471,11,gps,21:00:00
-31.45070955096931,-64.212452162621471,11,gps,21:00:00
-31.45060810666783,-64.212413692362191,11,gps,21:00:00
-31.45060810666783,-64.212413692362191,11,gps,21:00:00
-31.450517537486387,-64.21238781924041,9,gps,21:00:00
-31.450517537486387,-64.21238781924041,9,gps,21:00:00
-31.45041246129902,-64.212350353181751,11,gps,21:00:00
-31.45041246129902,-64.212350353181751,11,gps,21:00:00
-31.450306191429227,-64.212320043950941,11,gps,21:00:00
-31.450306191429227,-64.212320043950941,11,gps,21:00:00
-31.450203671917098,-64.212294406680431,11,gps,21:00:00
-31.450203671917098,-64.212294406680431,11,gps,21:00:00
-31.450106022581586,-64.212264638865341,11,gps,21:00:00
-31.450106022581586,-64.212264638865341,11,gps,21:00:00
-31.450009192291283,-64.212235171858371,11,gps,21:00:00
-31.450009192291283,-64.212235171858371,11,gps,21:00:00
-31.449916153917464,-64.212201297201321,11,gps,21:00:00
-31.449916153917464,-64.212201297201321,11,gps,21:00:00
-31.449826147084792,-64.212169348961481,10,gps,21:00:00
-31.449826147084792,-64.212169348961481,10,gps,21:00:00
-31.449739307624515,-64.212138746948381,9,gps,21:00:00
-31.449739307624515,-64.212138746948381,9,gps,21:00:00
-31.44965563567662,-64.212115005353041,9,gps,21:00:00
-31.44965563567662,-64.212115005353041,9,gps,21:00:00
-31.449570022945483,-64.212093504421361,9,gps,21:00:00
-31.449570022945483,-64.212093504421361,9,gps,21:00:00
-31.44948471247607,-64.212063672377081,9,gps,21:00:00
-31.44948471247607,-64.212063672377081,9,gps,21:00:00
-31.4494008947843,-64.212038276158131,9,gps,21:00:00
-31.4494008947843,-64.212038276158131,9,gps,21:00:00
-31.449307426334222,-64.21201458808261,10,gps,21:00:00
-31.449307426334222,-64.21201458808261,10,gps,21:00:00
-31.449209975382338,-64.211992447617761,10,gps,21:00:00
-31.449209975382338,-64.211992447617761,10,gps,21:00:00
-31.449113147682898,-64.211973397946151,10,gps,21:00:00
-31.449113147682898,-64.211973397946151,10,gps,21:00:00
-31.449032729658224,-64.211956993035561,8,gps,21:00:00
-31.449032729658224,-64.211956993035561,8,gps,21:00:00
-31.448961905240587,-64.211941329870461,7,gps,21:00:00
-31.448961905240587,-64.211941329870461,7,gps,21:00:00
-31.448897900732256,-64.211923007151011,7,gps,21:00:00
-31.448897900732256,-64.211923007151011,7,gps,21:00:00
-31.448836113723825,-64.211904445154691,7,gps,21:00:00
-31.448836113723825,-64.211904445154691,7,gps,21:00:00
-31.448773688952677,-64.21188832574531,7,gps,21:00:00
-31.448773688952677,-64.21188832574531,7,gps,21:00:00
-31.44870518733362,-64.211868108495521,7,gps,21:00:00
-31.44870518733362,-64.211868108495521,7,gps,21:00:00
-31.448629136295487,-64.211847089386281,9,gps,21:00:00
-31.448629136295487,-64.211847089386281,9,gps,21:00:00
-31.44855134409806,-64.211826520977371,9,gps,21:00:00
-31.44855134409806,-64.211826520977371,9,gps,21:00:00
-31.448468781253375,-64.211800454184061,9,gps,21:00:00
-31.448468781253375,-64.211800454184061,9,gps,21:00:00
-31.448373364625336,-64.211766919100131,10,gps,21:00:00
-31.448373364625336,-64.211766919100131,10,gps,21:00:00
-31.448270153529222,-64.211730720640391,11,gps,21:00:00
-31.448270153529222,-64.211730720640391,11,gps,21:00:00
-31.44816008446246,-64.211696031972991,12,gps,21:00:00
-31.44816008446246,-64.211696031972991,12,gps,21:00:00
-31.44804591273868,-64.211660843712221,13,gps,21:00:00
-31.44804591273868,-64.211660843712221,13,gps,21:00:00
-31.447929147860744,-64.211626314945591,13,gps,21:00:00
-31.447929147860744,-64.211626314945591,13,gps,21:00:00
-31.447810684479375,-64.21159130466371,13,gps,21:00:00
-31.447810684479375,-64.21159130466371,13,gps,21:00:00
-31.4477039081339,-64.211566282439861,12,gps,21:00:00
-31.4477039081339,-64.211566282439861,12,gps,21:00:00
-31.44758892796944,-64.211529203062811,13,gps,21:00:00
-31.44758892796944,-64.211529203062811,13,gps,21:00:00
-31.447468449582377,-64.211492898659561,13,gps,21:00:00
-31.447468449582377,-64.211492898659561,13,gps,21:00:00
-31.44734875459604,-64.211455626749581,13,gps,21:00:00
-31.44734875459604,-64.211455626749581,13,gps,21:00:00
-31.447245999553484,-64.211426653180961,11,gps,21:00:00
-31.447245999553484,-64.211426653180961,11,gps,21:00:00
-31.447157972485137,-64.211402077819231,9,gps,21:00:00
-31.447157972485137,-64.211402077819231,9,gps,21:00:00
-31.447081599637507,-64.211383423004691,8,gps,21:00:00
-31.447081599637507,-64.211383423004691,8,gps,21:00:00
-31.446982310651187,-64.211368703188231,11,gps,21:00:00
-31.446982310651187,-64.211368703188231,11,gps,21:00:00
-31.44687807069371,-64.21133929984751,11,gps,21:00:00
-31.44687807069371,-64.21133929984751,11,gps,21:00:00
-31.44676334020274,-64.211312618624561,12,gps,21:00:00
-31.44676334020274,-64.211312618624561,12,gps,21:00:00
-31.446633489716604,-64.211276175000381,14,gps,21:00:00
-31.446633489716604,-64.211276175000381,14,gps,21:00:00
-31.446508976457302,-64.211231365326061,14,gps,21:00:00
-31.446508976457302,-64.211231365326061,14,gps,21:00:00
-31.44639948876996,-64.211202504151371,12,gps,21:00:00
-31.44639948876996,-64.211202504151371,12,gps,21:00:00
-31.44631068574484,-64.211179152079911,10,gps,21:00:00
-31.44631068574484,-64.211179152079911,10,gps,21:00:00
-31.44622969722353,-64.21115708833831,9,gps,21:00:00
-31.44622969722353,-64.21115708833831,9,gps,21:00:00
-31.446166391530546,-64.2111414205191,6,gps,21:00:00
-31.446166391530546,-64.2111414205191,6,gps,21:00:00
-31.44612105752371,-64.211131928021631,5,gps,21:00:00
-31.44612105752371,-64.211131928021631,5,gps,21:00:00
-31.44607888300343,-64.211120702981,4,gps,21:00:00
-31.44607888300343,-64.211120702981,4,gps,21:00:00
-31.446041513374183,-64.211114577426951,4,gps,21:00:00
-31.446041513374183,-64.211114577426951,4,gps,21:00:00
-31.44602037805113,-64.211109668303521,2,gps,21:00:00
-31.44602037805113,-64.211109668303521,2,gps,21:00:00
-31.446003829565893,-64.211103792297251,2,gps,21:00:00
-31.446003829565893,-64.211103792297251,2,gps,21:00:00
-31.44597514428353,-64.211095764115971,3,gps,21:00:00
-31.44597514428353,-64.211095764115971,3,gps,21:00:00
-31.445937834501645,-64.211089575013551,4,gps,21:00:00
-31.445937834501645,-64.211089575013551,4,gps,21:00:00
-31.445898686225245,-64.211089666415621,4,gps,21:00:00
-31.445898686225245,-64.211089666415621,4,gps,21:00:00
-31.445866121298085,-64.211091596142311,3,gps,21:00:00
-31.445866121298085,-64.211091596142311,3,gps,21:00:00
-31.44583894840901,-64.211092829037091,2,gps,21:00:00
-31.44583894840901,-64.211092829037091,2,gps,21:00:00
-31.44582301516924,-64.211094666749331,1,gps,21:00:00
-31.44582301516924,-64.211094666749331,1,gps,21:00:00
-31.445796661138576,-64.211099601543891,2,gps,21:00:00
-31.445796661138576,-64.211099601543891,2,gps,21:00:00
-31.44575458948752,-64.211107254863961,4,gps,21:00:00
-31.44575458948752,-64.211107254863961,4,gps,21:00:00
-31.44571435957739,-64.211114247652941,4,gps,21:00:00
-31.44571435957739,-64.211114247652941,4,gps,21:00:00
-31.445676750858937,-64.211120661712211,4,gps,21:00:00
-31.445676750858937,-64.211120661712211,4,gps,21:00:00
-31.445648365460656,-64.211125937114361,3,gps,21:00:00
-31.445648365460656,-64.211125937114361,3,gps,21:00:00
-31.445624902524127,-64.211127181155391,2,gps,21:00:00
-31.445624902524127,-64.211127181155391,2,gps,21:00:00
-31.445595954335545,-64.211118777206561,3,gps,21:00:00
-31.445595954335545,-64.211118777206561,3,gps,21:00:00
-31.445556995997435,-64.211099191493261,4,gps,21:00:00
-31.445556995997435,-64.211099191493261,4,gps,21:00:00
-31.44553604556473,-64.211062236515251,4,gps,21:00:00
-31.44553604556473,-64.211062236515251,4,gps,21:00:00
-31.445523051116524,-64.211005898866391,5,gps,21:00:00
-31.445523051116524,-64.211005898866391,5,gps,21:00:00
-31.44550953918062,-64.210941188132041,6,gps,21:00:00
-31.44550953918062,-64.210941188132041,6,gps,21:00:00
-31.445496316834543,-64.210867399742131,7,gps,21:00:00
-31.445496316834543,-64.210867399742131,7,gps,21:00:00
-31.445481421989545,-64.210780692840151,8,gps,21:00:00
-31.445481421989545,-64.210780692840151,8,gps,21:00:00
-31.445470534492273,-64.210695618554771,8,gps,21:00:00
-31.445470534492273,-64.210695618554771,8,gps,21:00:00
-31.44546280364803,-64.210607539177091,8,gps,21:00:00
-31.44546280364803,-64.210607539177091,8,gps,21:00:00
-31.44545153691533,-64.210506058428731,10,gps,21:00:00
-31.44545153691533,-64.210506058428731,10,gps,21:00:00
-31.445437998217862,-64.210389952242341,11,gps,21:00:00
-31.445437998217862,-64.210389952242341,11,gps,21:00:00
-31.445424200024547,-64.210269309282251,11,gps,21:00:00
-31.445424200024547,-64.210269309282251,11,gps,21:00:00
-31.445409719065086,-64.210144608060931,12,gps,21:00:00
-31.445409719065086,-64.210144608060931,12,gps,21:00:00
-31.445399196301913,-64.210028984575691,11,gps,21:00:00
-31.445399196301913,-64.210028984575691,11,gps,21:00:00
-31.445384175639383,-64.209900740717941,12,gps,21:00:00
-31.445384175639383,-64.209900740717941,12,gps,21:00:00
-31.445368283662095,-64.209765171205481,13,gps,21:00:00
-31.445368283662095,-64.209765171205481,13,gps,21:00:00
-31.4453500156861,-64.209629803669031,13,gps,21:00:00
-31.4453500156861,-64.209629803669031,13,gps,21:00:00
-31.445330482809194,-64.209488979203661,13,gps,21:00:00
-31.445330482809194,-64.209488979203661,13,gps,21:00:00
-31.44531100481435,-64.209347339812381,13,gps,21:00:00
-31.44531100481435,-64.209347339812381,13,gps,21:00:00
-31.445291067806682,-64.209203644809071,13,gps,21:00:00
-31.445291067806682,-64.209203644809071,13,gps,21:00:00
-31.445273195487367,-64.20904897823921,14,gps,21:00:00
-31.445273195487367,-64.20904897823921,14,gps,21:00:00
-31.445254681264785,-64.208898137650761,14,gps,21:00:00
-31.445254681264785,-64.208898137650761,14,gps,21:00:00
-31.445231139850872,-64.208743957909891,15,gps,21:00:00
-31.445231139850872,-64.208743957909891,15,gps,21:00:00
-31.44520681277677,-64.208583966900561,15,gps,21:00:00
-31.44520681277677,-64.208583966900561,15,gps,21:00:00
-31.445183956932745,-64.20841889216651,16,gps,21:00:00
-31.445183956932745,-64.20841889216651,16,gps,21:00:00
-31.445158275758075,-64.208250950987791,16,gps,21:00:00
-31.445158275758075,-64.208250950987791,16,gps,21:00:00
-31.44513696002665,-64.208077424547131,16,gps,21:00:00
-31.44513696002665,-64.208077424547131,16,gps,21:00:00
-31.445119204229336,-64.207903128113881,16,gps,21:00:00
-31.445119204229336,-64.207903128113881,16,gps,21:00:00
-31.445103744133952,-64.207723748765871,17,gps,21:00:00
-31.445103744133952,-64.207723748765871,17,gps,21:00:00
-31.445084136143443,-64.20754603025321,17,gps,21:00:00
-31.445084136143443,-64.20754603025321,17,gps,21:00:00
-31.44506280492612,-64.207379120677131,16,gps,21:00:00
-31.44506280492612,-64.207379120677131,16,gps,21:00:00
-31.445039879819696,-64.207203216731491,16,gps,21:00:00
-31.445039879819696,-64.207203216731491,16,gps,21:00:00
-31.445020960270185,-64.207029163730131,16,gps,21:00:00
-31.445020960270185,-64.207029163730131,16,gps,21:00:00
-31.44500260541026,-64.2068521348731,16,gps,21:00:00
-31.44500260541026,-64.2068521348731,16,gps,21:00:00
-31.444981550624455,-64.20667217653191,16,gps,21:00:00
-31.444981550624455,-64.20667217653191,16,gps,21:00:00
-31.444957505357948,-64.206493959968331,17,gps,21:00:00
-31.444957505357948,-64.206493959968331,17,gps,21:00:00
-31.44493167632193,-64.206312045013521,17,gps,21:00:00
-31.44493167632193,-64.206312045013521,17,gps,21:00:00
-31.44490584191484,-64.206128058990291,17,gps,21:00:00
-31.44490584191484,-64.206128058990291,17,gps,21:00:00
-31.444890568277366,-64.205954863098971,16,gps,21:00:00
-31.444890568277366,-64.205954863098971,16,gps,21:00:00
-31.4448720772519,-64.205776329897361,16,gps,21:00:00
-31.4448720772519,-64.205776329897361,16,gps,21:00:00
-31.44485385981324,-64.205600438666611,16,gps,21:00:00
-31.44485385981324,-64.205600438666611,16,gps,21:00:00
-31.444829084982153,-64.205419736290881,17,gps,21:00:00
-31.444829084982153,-64.205419736290881,17,gps,21:00:00
-31.444804295199873,-64.205240647841051,16,gps,21:00:00
-31.444804295199873,-64.205240647841051,16,gps,21:00:00
-31.444780282609134,-64.205067629887181,16,gps,21:00:00
-31.444780282609134,-64.205067629887181,16,gps,21:00:00
-31.44475744655608,-64.20490449578191,15,gps,21:00:00
-31.44475744655608,-64.20490449578191,15,gps,21:00:00
-31.444734324486575,-64.20474581384361,15,gps,21:00:00
-31.444734324486575,-64.20474581384361,15,gps,21:00:00
-31.44471186326251,-64.204594249793091,14,gps,21:00:00
-31.44471186326251,-64.204594249793091,14,gps,21:00:00
-31.444695694595072,-64.204451942534921,13,gps,21:00:00
-31.444695694595072,-64.204451942534921,13,gps,21:00:00
-31.44467747632139,-64.204304096115851,14,gps,21:00:00
-31.44467747632139,-64.204304096115851,14,gps,21:00:00
-31.44465727625496,-64.20414904629761,15,gps,21:00:00
-31.44465727625496,-64.20414904629761,15,gps,21:00:00
-31.44463713109659,-64.203985016822741,15,gps,21:00:00
-31.44463713109659,-64.203985016822741,15,gps,21:00:00
-31.44461871062173,-64.203816329288071,16,gps,21:00:00
-31.44461871062173,-64.203816329288071,16,gps,21:00:00
-31.444598777693713,-64.203637579989691,16,gps,21:00:00
-31.444598777693713,-64.203637579989691,16,gps,21:00:00
-31.444577878872643,-64.20345026314951,17,gps,21:00:00
-31.444577878872643,-64.20345026314951,17,gps,21:00:00
-31.444554344585168,-64.203256417023181,18,gps,21:00:00
-31.444554344585168,-64.203256417023181,18,gps,21:00:00
-31.444530268823335,-64.203050479686741,19,gps,21:00:00
-31.444530268823335,-64.203050479686741,19,gps,21:00:00
-31.44450652761305,-64.20283801869291,20,gps,21:00:00
-31.44450652761305,-64.20283801869291,20,gps,21:00:00
-31.444483794279677,-64.202632062335141,19,gps,21:00:00
-31.444483794279677,-64.202632062335141,19,gps,21:00:00
-31.444460217652594,-64.202423881915041,19,gps,21:00:00
-31.444460217652594,-64.202423881915041,19,gps,21:00:00
-31.44443131936138,-64.202221051042571,19,gps,21:00:00
-31.44443131936138,-64.202221051042571,19,gps,21:00:00
-31.444408042434944,-64.202026747174911,18,gps,21:00:00
-31.444408042434944,-64.202026747174911,18,gps,21:00:00
-31.4443845552403,-64.201833043450891,18,gps,21:00:00
-31.4443845552403,-64.201833043450891,18,gps,21:00:00
-31.444362220417258,-64.20164326995131,17,gps,21:00:00
-31.444362220417258,-64.20164326995131,17,gps,21:00:00
-31.44434051937701,-64.2014592447691,17,gps,21:00:00
-31.44434051937701,-64.2014592447691,17,gps,21:00:00
-31.444319687853508,-64.201278191472211,17,gps,21:00:00
-31.444319687853508,-64.201278191472211,17,gps,21:00:00
-31.444292161698137,-64.201092843568791,17,gps,21:00:00
-31.444292161698137,-64.201092843568791,17,gps,21:00:00
-31.444270276258,-64.200917742117141,16,gps,21:00:00
-31.444270276258,-64.200917742117141,16,gps,21:00:00
-31.444252158492667,-64.200743374797311,16,gps,21:00:00
-31.444252158492667,-64.200743374797311,16,gps,21:00:00
-31.444234059865956,-64.20056968902641,16,gps,21:00:00
-31.444234059865956,-64.20056968902641,16,gps,21:00:00
-31.444212673575468,-64.200394984174821,16,gps,21:00:00
-31.444212673575468,-64.200394984174821,16,gps,21:00:00
-31.44419630562171,-64.200226780364321,16,gps,21:00:00
-31.44419630562171,-64.200226780364321,16,gps,21:00:00
-31.444179978489036,-64.200058115818281,16,gps,21:00:00
-31.444179978489036,-64.200058115818281,16,gps,21:00:00
-31.444158004661112,-64.199882999633791,16,gps,21:00:00
-31.444158004661112,-64.199882999633791,16,gps,21:00:00
-31.444137561279224,-64.199716322475481,15,gps,21:00:00
-31.444137561279224,-64.199716322475481,15,gps,21:00:00
-31.444118839275845,-64.199558757265991,14,gps,21:00:00
-31.444118839275845,-64.199558757265991,14,gps,21:00:00
-31.444095735085643,-64.199386332006631,15,gps,21:00:00
-31.444095735085643,-64.199386332006631,15,gps,21:00:00
-31.44407180042852,-64.199218099973861,15,gps,21:00:00
-31.44407180042852,-64.199218099973861,15,gps,21:00:00
-31.44405156908342,-64.199059297005391,14,gps,21:00:00
-31.44405156908342,-64.199059297005391,14,gps,21:00:00
-31.44403692726373,-64.198908520087241,14,gps,21:00:00
-31.44403692726373,-64.198908520087241,14,gps,21:00:00
-31.44401728619268,-64.198744267898231,15,gps,21:00:00
-31.44401728619268,-64.198744267898231,15,gps,21:00:00
-31.443996379969608,-64.198589695056431,14,gps,21:00:00
-31.443996379969608,-64.198589695056431,14,gps,21:00:00
-31.44397964653632,-64.198436712788241,14,gps,21:00:00
-31.44397964653632,-64.198436712788241,14,gps,21:00:00
-31.443963220228802,-64.198286090674091,14,gps,21:00:00
-31.443963220228802,-64.198286090674091,14,gps,21:00:00
-31.44394471058096,-64.198140337984611,14,gps,21:00:00
-31.44394471058096,-64.198140337984611,14,gps,21:00:00
-31.443922495385284,-64.197994531888171,14,gps,21:00:00
-31.443922495385284,-64.197994531888171,14,gps,21:00:00
-31.443904215141828,-64.197849914665011,14,gps,21:00:00
-31.443904215141828,-64.197849914665011,14,gps,21:00:00
-31.443885284666834,-64.197706872287751,14,gps,21:00:00
-31.443885284666834,-64.197706872287751,14,gps,21:00:00
-31.44386961242956,-64.197569370380221,13,gps,21:00:00
-31.44386961242956,-64.197569370380221,13,gps,21:00:00
-31.443845889645612,-64.197431068801361,13,gps,21:00:00
-31.443845889645612,-64.197431068801361,13,gps,21:00:00
-31.443829804319364,-64.197286139060981,13,gps,21:00:00
-31.443829804319364,-64.197286139060981,13,gps,21:00:00
-31.443813671627478,-64.197146351508561,13,gps,21:00:00
-31.443813671627478,-64.197146351508561,13,gps,21:00:00
-31.443791598510227,-64.196992796449421,14,gps,21:00:00
-31.443791598510227,-64.196992796449421,14,gps,21:00:00
-31.443770211691618,-64.196843691863561,14,gps,21:00:00
-31.443770211691618,-64.196843691863561,14,gps,21:00:00
-31.44374978034157,-64.196694845013251,14,gps,21:00:00
-31.44374978034157,-64.196694845013251,14,gps,21:00:00
-31.443733126022337,-64.196548745282911,13,gps,21:00:00
-31.443733126022337,-64.196548745282911,13,gps,21:00:00
-31.443722690020945,-64.196419558049291,12,gps,21:00:00
-31.443722690020945,-64.196419558049291,12,gps,21:00:00
-31.443706190553147,-64.196277399750331,13,gps,21:00:00
-31.443706190553147,-64.196277399750331,13,gps,21:00:00
-31.443688820121118,-64.196132960541361,13,gps,21:00:00
-31.443688820121118,-64.196132960541361,13,gps,21:00:00
-31.443671315048856,-64.195985188241321,14,gps,21:00:00
-31.443671315048856,-64.195985188241321,14,gps,21:00:00
-31.443654128474456,-64.195853093473641,12,gps,21:00:00
-31.443654128474456,-64.195853093473641,12,gps,21:00:00
-31.443638482788305,-64.19572191059351,12,gps,21:00:00
-31.443638482788305,-64.19572191059351,12,gps,21:00:00
-31.443620101475414,-64.19558113623371,13,gps,21:00:00
-31.443620101475414,-64.19558113623371,13,gps,21:00:00
-31.443604666570383,-64.195442037044511,13,gps,21:00:00
-31.443604666570383,-64.195442037044511,13,gps,21:00:00
-31.443589941409876,-64.195307823719431,12,gps,21:00:00
-31.443589941409876,-64.195307823719431,12,gps,21:00:00
-31.443576244026886,-64.19517678040661,12,gps,21:00:00
-31.443576244026886,-64.19517678040661,12,gps,21:00:00
-31.44355757128842,-64.195039889761891,12,gps,21:00:00
-31.44355757128842,-64.195039889761891,12,gps,21:00:00
-31.4435388958811,-64.194905494290241,12,gps,21:00:00
-31.4435388958811,-64.194905494290241,12,gps,21:00:00
-31.44351398385815,-64.194770926378151,12,gps,21:00:00
-31.44351398385815,-64.194770926378151,12,gps,21:00:00
-31.443495651934374,-64.19463338387551,13,gps,21:00:00
-31.443495651934374,-64.19463338387551,13,gps,21:00:00
-31.443481796063175,-64.194496214841481,12,gps,21:00:00
-31.443481796063175,-64.194496214841481,12,gps,21:00:00
-31.443467918117452,-64.19435489480621,13,gps,21:00:00
-31.443467918117452,-64.19435489480621,13,gps,21:00:00
-31.44345102991181,-64.19421481933971,13,gps,21:00:00
-31.44345102991181,-64.19421481933971,13,gps,21:00:00
-31.443429733186523,-64.194067054644021,14,gps,21:00:00
-31.443429733186523,-64.194067054644021,14,gps,21:00:00
-31.443406253772316,-64.19391425252041,14,gps,21:00:00
-31.443406253772316,-64.19391425252041,14,gps,21:00:00
-31.443378887685228,-64.193757589558571,15,gps,21:00:00
-31.443378887685228,-64.193757589558571,15,gps,21:00:00
-31.44335566656709,-64.193599656431081,15,gps,21:00:00
-31.44335566656709,-64.193599656431081,15,gps,21:00:00
-31.443332258266775,-64.193434353916541,16,gps,21:00:00
-31.443332258266775,-64.193434353916541,16,gps,21:00:00
-31.443312452272856,-64.193261729499331,16,gps,21:00:00
-31.443312452272856,-64.193261729499331,16,gps,21:00:00
-31.44329153167433,-64.19308344511531,17,gps,21:00:00
-31.44329153167433,-64.19308344511531,17,gps,21:00:00
-31.44326968511661,-64.192898584520151,18,gps,21:00:00
-31.44326968511661,-64.192898584520151,18,gps,21:00:00
-31.44324685762992,-64.192709654532181,18,gps,21:00:00
-31.44324685762992,-64.192709654532181,18,gps,21:00:00
-31.443223251415763,-64.192514276313061,18,gps,21:00:00
-31.443223251415763,-64.192514276313061,18,gps,21:00:00
-31.443199229364968,-64.192317212986811,19,gps,21:00:00
-31.443199229364968,-64.192317212986811,19,gps,21:00:00
-31.44317560415962,-64.1921181049841,19,gps,21:00:00
-31.44317560415962,-64.1921181049841,19,gps,21:00:00
-31.443152180867273,-64.191916297169241,19,gps,21:00:00
-31.443152180867273,-64.191916297169241,19,gps,21:00:00
-31.443127419045847,-64.191711117927031,19,gps,21:00:00
-31.443127419045847,-64.191711117927031,19,gps,21:00:00
-31.443102157357384,-64.191502334647031,20,gps,21:00:00
-31.443102157357384,-64.191502334647031,20,gps,21:00:00
-31.44307707017608,-64.191290584864831,20,gps,21:00:00
-31.44307707017608,-64.191290584864831,20,gps,21:00:00
-31.44305205984562,-64.191078542531371,20,gps,21:00:00
-31.44305205984562,-64.191078542531371,20,gps,21:00:00
-31.44302610136305,-64.190866125087951,20,gps,21:00:00
-31.44302610136305,-64.190866125087951,20,gps,21:00:00
-31.443000519253374,-64.190652228600441,20,gps,21:00:00
-31.443000519253374,-64.190652228600441,20,gps,21:00:00
-31.44297461397273,-64.190440702358961,20,gps,21:00:00
-31.44297461397273,-64.190440702358961,20,gps,21:00:00
-31.44294959747512,-64.190240788622991,18,gps,21:00:00
-31.44294959747512,-64.190240788622991,18,gps,21:00:00
-31.44292620656316,-64.19005033817441,18,gps,21:00:00
-31.44292620656316,-64.19005033817441,18,gps,21:00:00
-31.442902896209294,-64.189864139790391,17,gps,21:00:00
-31.442902896209294,-64.189864139790391,17,gps,21:00:00
-31.442876587211742,-64.189674507471511,18,gps,21:00:00
-31.442876587211742,-64.189674507471511,18,gps,21:00:00
-31.442852911066705,-64.189479730839761,18,gps,21:00:00
-31.442852911066705,-64.189479730839761,18,gps,21:00:00
-31.442828437205385,-64.189287472190771,18,gps,21:00:00
-31.442828437205385,-64.189287472190771,18,gps,21:00:00
-31.44280444609413,-64.189098941915181,18,gps,21:00:00
-31.44280444609413,-64.189098941915181,18,gps,21:00:00
-31.442782073365407,-64.18891900515131,17,gps,21:00:00
-31.442782073365407,-64.18891900515131,17,gps,21:00:00
-31.442760832152878,-64.188737208611941,17,gps,21:00:00
-31.442760832152878,-64.188737208611941,17,gps,21:00:00
-31.442741828566085,-64.188557173149331,17,gps,21:00:00
-31.442741828566085,-64.188557173149331,17,gps,21:00:00
-31.442724407750028,-64.188384350630541,16,gps,21:00:00
-31.442724407750028,-64.188384350630541,16,gps,21:00:00
-31.442706441950897,-64.188215464610181,16,gps,21:00:00
-31.442706441950897,-64.188215464610181,16,gps,21:00:00
-31.44268857802821,-64.188053944510441,15,gps,21:00:00
-31.44268857802821,-64.188053944510441,15,gps,21:00:00
-31.44267201604306,-64.1879048803481,14,gps,21:00:00
-31.44267201604306,-64.1879048803481,14,gps,21:00:00
-31.442652793560292,-64.187765339889071,13,gps,21:00:00
-31.442652793560292,-64.187765339889071,13,gps,21:00:00
-31.44263097289412,-64.187634266237381,12,gps,21:00:00
-31.44263097289412,-64.187634266237381,12,gps,21:00:00
-31.442605783126666,-64.187514605613861,11,gps,21:00:00
-31.442605783126666,-64.187514605613861,11,gps,21:00:00
-31.442578063002237,-64.187410061197161,10,gps,21:00:00
-31.442578063002237,-64.187410061197161,10,gps,21:00:00
-31.442552241427183,-64.187324354981571,8,gps,21:00:00
-31.442552241427183,-64.187324354981571,8,gps,21:00:00
-31.442533413538275,-64.187248057398351,6,gps,21:00:00
-31.442533413538275,-64.187248057398351,6,gps,21:00:00
-31.442520382296593,-64.187173637861061,6,gps,21:00:00
-31.442520382296593,-64.187173637861061,6,gps,21:00:00
-31.442514634526056,-64.187116733533261,5,gps,21:00:00
-31.442514634526056,-64.187116733533261,5,gps,21:00:00
-31.442514363068288,-64.187075534640091,3,gps,21:00:00
-31.442514363068288,-64.187075534640091,3,gps,21:00:00
-31.44251450447309,-64.187044077967171,2,gps,21:00:00
-31.44251450447309,-64.187044077967171,2,gps,21:00:00
-31.442513299741414,-64.187008783594511,2,gps,21:00:00
-31.442513299741414,-64.187008783594511,2,gps,21:00:00
-31.442512663745084,-64.186899016333641,4,gps,21:00:00
-31.442512663745084,-64.186899016333641,4,gps,21:00:00
-31.4425185419657,-64.186837470431661,5,gps,21:00:00
-31.4425185419657,-64.186837470431661,5,gps,21:00:00
-31.442529012730198,-64.186769093107941,6,gps,21:00:00
-31.442529012730198,-64.186769093107941,6,gps,21:00:00
-31.44253206079167,-64.186689550285541,7,gps,21:00:00
-31.44253206079167,-64.186689550285541,7,gps,21:00:00
-31.44252138812623,-64.18659660491621,9,gps,21:00:00
-31.44252138812623,-64.18659660491621,9,gps,21:00:00
-31.442505238639647,-64.186490452245661,10,gps,21:00:00
-31.442505238639647,-64.186490452245661,10,gps,21:00:00
-31.44248999302461,-64.186368585240611,11,gps,21:00:00
-31.44248999302461,-64.186368585240611,11,gps,21:00:00
-31.442479439834493,-64.186240493202931,12,gps,21:00:00
-31.442479439834493,-64.186240493202931,12,gps,21:00:00
-31.442468793534296,-64.186106260790711,12,gps,21:00:00
-31.442468793534296,-64.186106260790711,12,gps,21:00:00
-31.442453049897342,-64.185964373060911,13,gps,21:00:00
-31.442453049897342,-64.185964373060911,13,gps,21:00:00
-31.442440051870403,-64.18581300375291,14,gps,21:00:00
-31.442440051870403,-64.18581300375291,14,gps,21:00:00
-31.442424178003712,-64.185656124712571,15,gps,21:00:00
-31.442424178003712,-64.185656124712571,15,gps,21:00:00
-31.44240820985073,-64.18549639630181,15,gps,21:00:00
-31.44240820985073,-64.18549639630181,15,gps,21:00:00
-31.44238835829501,-64.18533029281541,16,gps,21:00:00
-31.44238835829501,-64.18533029281541,16,gps,21:00:00
-31.442367886289162,-64.18516381754151,16,gps,21:00:00
-31.442367886289162,-64.18516381754151,16,gps,21:00:00
-31.44234762880889,-64.185003621321881,16,gps,21:00:00
-31.44234762880889,-64.185003621321881,16,gps,21:00:00
-31.442327407312362,-64.184842401642361,15,gps,21:00:00
-31.442327407312362,-64.184842401642361,15,gps,21:00:00
-31.44230744710048,-64.18468113375541,15,gps,21:00:00
-31.44230744710048,-64.18468113375541,15,gps,21:00:00
-31.442287352110476,-64.184520136461881,15,gps,21:00:00
-31.442287352110476,-64.184520136461881,15,gps,21:00:00
-31.442266983368594,-64.184362500673461,15,gps,21:00:00
-31.442266983368594,-64.184362500673461,15,gps,21:00:00
-31.442246410824733,-64.184208810870661,14,gps,21:00:00
-31.442246410824733,-64.184208810870661,14,gps,21:00:00
-31.442225960819083,-64.18405778892791,14,gps,21:00:00
-31.442225960819083,-64.18405778892791,14,gps,21:00:00
-31.442206520670478,-64.183910873231871,13,gps,21:00:00
-31.442206520670478,-64.183910873231871,13,gps,21:00:00
-31.442187744232974,-64.183768166286131,13,gps,21:00:00
-31.442187744232974,-64.183768166286131,13,gps,21:00:00
-31.442169771607634,-64.183634577199811,12,gps,21:00:00
-31.442169771607634,-64.183634577199811,12,gps,21:00:00
-31.442151717070768,-64.183521278602871,10,gps,21:00:00
-31.442151717070768,-64.183521278602871,10,gps,21:00:00
-31.44213938761656,-64.183428870800241,8,gps,21:00:00
-31.44213938761656,-64.183428870800241,8,gps,21:00:00
-31.442129889144432,-64.183359576350771,6,gps,21:00:00
-31.442129889144432,-64.183359576350771,6,gps,21:00:00
-31.44212252959696,-64.183305364579381,4,gps,21:00:00
-31.44212252959696,-64.183305364579381,4,gps,21:00:00
-31.44211735372211,-64.183266747048761,3,gps,21:00:00
-31.44211735372211,-64.183266747048761,3,gps,21:00:00
-31.44211260878183,-64.183237618060531,2,gps,21:00:00
-31.44211260878183,-64.183237618060531,2,gps,21:00:00
-31.442108883260754,-64.183213209066371,1,gps,21:00:00
-31.442108883260754,-64.183213209066371,1,gps,21:00:00
-31.442105516655246,-64.183195979998971,1,gps,21:00:00
-31.442105516655246,-64.183195979998971,1,gps,21:00:00
-31.442102240149026,-64.183182301763851,1,gps,21:00:00
-31.442102240149026,-64.183182301763851,1,gps,21:00:00
-31.442099376351642,-64.183172795925261,0,gps,21:00:00
-31.442099376351642,-64.183172795925261,0,gps,21:00:00
-31.442097507245215,-64.183165967406081,0,gps,21:00:00
-31.442097507245215,-64.183165967406081,0,gps,21:00:00
-31.442097488329605,-64.183165945906811,0,gps,21:00:00
-31.442097488329605,-64.183165945906811,0,gps,21:00:00
-31.442097488192978,-64.183165945642431,0,gps,21:00:00
-31.442097488192978,-64.183165945642431,0,gps,21:00:00
-31.442097488191664,-64.18316594563851,0,gps,21:00:00
-31.442097488191664,-64.18316594563851,0,gps,21:00:00
-31.442097488191653,-64.183165945638491,0,gps,21:00:00
-31.442097488191653,-64.183165945638491,0,gps,21:00:00
-31.442097488191653,-64.183165945638491,0,gps,21:00:00
-31.442097488191653,-64.183165945638491,0,gps,21:00:00
-31.442097488191653,-64.183165945638491,0,gps,21:00:00
-31.442097488191653,-64.183165945638491,0,gps,21:00:00
-31.442097488191653,-64.183165945638491,0,gps,21:00:00
-31.442097488191653,-64.183165945638491,0,gps,21:00:00
-31.442097488191653,-64.183165945638491,0,gps,21:00:00
-31.442097488191653,-64.183165945638491,0,gps,21:00:00
-31.442097488191653,-64.183165945638491,0,gps,21:00:00
-31.442097488191653,-64.183165945638491,0,gps,21:00:00
-31.442097488191653,-64.183165945638491,0,gps,21:00:00
-31.442097488191653,-64.183165945638491,0,gps,21:00:00
-31.442097488191653,-64.183165945638491,0,gps,21:00:00
-31.442097488191653,-64.183165945638491,0,gps,21:00:00
-31.442097488191653,-64.183165945638491,0,gps,21:00:00
-31.442097488191653,-64.183165945638491,0,gps,21:00:00
-31.442097488191653,-64.183165945638491,0,gps,21:00:00
-31.442097488191653,-64.183165945638491,0,gps,21:00:00
-31.442097488191653,-64.183165945638491,0,gps,21:00:00
-31.442097488191653,-64.183165945638491,0,gps,21:00:00
-31.442097488191653,-64.183165945638491,0,gps,21:00:00
-31.442097488191653,-64.183165945638491,0,gps,21:00:00
-31.442097186144537,-64.183163269436621,0,gps,21:00:00
-31.442097186144537,-64.183163269436621,0,gps,21:00:00
-31.442092288038232,-64.183138348569591,2,gps,21:00:00
-31.442092288038232,-64.183138348569591,2,gps,21:00:00
-31.44207433253078,-64.183090752580851,4,gps,21:00:00
-31.44207433253078,-64.183090752580851,4,gps,21:00:00
-31.44204174496849,-64.183029266848751,6,gps,21:00:00
-31.44204174496849,-64.183029266848751,6,gps,21:00:00
-31.442007107605185,-64.18297324425261,6,gps,21:00:00
-31.442007107605185,-64.18297324425261,6,gps,21:00:00
-31.441969338522107,-64.182912163382711,7,gps,21:00:00
-31.441969338522107,-64.182912163382711,7,gps,21:00:00
-31.441925004361,-64.182845288145261,8,gps,21:00:00
-31.441925004361,-64.182845288145261,8,gps,21:00:00
-31.441870548077407,-64.182776174006161,8,gps,21:00:00
-31.441870548077407,-64.182776174006161,8,gps,21:00:00
-31.441805671171842,-64.182709768178641,9,gps,21:00:00
-31.441805671171842,-64.182709768178641,9,gps,21:00:00
-31.441732873624282,-64.18264919101551,10,gps,21:00:00
-31.441732873624282,-64.18264919101551,10,gps,21:00:00
-31.44164543724834,-64.182595809730771,11,gps,21:00:00
-31.44164543724834,-64.182595809730771,11,gps,21:00:00
-31.4415492759773,-64.182547594367581,11,gps,21:00:00
-31.4415492759773,-64.182547594367581,11,gps,21:00:00
-31.44143970215821,-64.182506073542041,12,gps,21:00:00
-31.44143970215821,-64.182506073542041,12,gps,21:00:00
-31.44132677524763,-64.182459769160231,13,gps,21:00:00
-31.44132677524763,-64.182459769160231,13,gps,21:00:00
-31.441213946213008,-64.182408385486041,13,gps,21:00:00
-31.441213946213008,-64.182408385486041,13,gps,21:00:00
-31.441099342670668,-64.182356826275171,13,gps,21:00:00
-31.441099342670668,-64.182356826275171,13,gps,21:00:00
-31.440976841573338,-64.182307468900161,14,gps,21:00:00
-31.440976841573338,-64.182307468900161,14,gps,21:00:00
-31.440848044892796,-64.18225899232611,15,gps,21:00:00
-31.440848044892796,-64.18225899232611,15,gps,21:00:00
-31.440718888249528,-64.182206292407871,15,gps,21:00:00
-31.440718888249528,-64.182206292407871,15,gps,21:00:00
-31.440585887883735,-64.182151497854121,15,gps,21:00:00
-31.440585887883735,-64.182151497854121,15,gps,21:00:00
-31.44045470714547,-64.182094991053521,15,gps,21:00:00
-31.44045470714547,-64.182094991053521,15,gps,21:00:00
-31.440316963806563,-64.182035434182421,16,gps,21:00:00
-31.440316963806563,-64.182035434182421,16,gps,21:00:00
-31.44017691069828,-64.181978206259271,16,gps,21:00:00
-31.44017691069828,-64.181978206259271,16,gps,21:00:00
-31.440036967720275,-64.181921024333041,16,gps,21:00:00
-31.440036967720275,-64.181921024333041,16,gps,21:00:00
-31.439892968896284,-64.181861762871751,17,gps,21:00:00
-31.439892968896284,-64.181861762871751,17,gps,21:00:00
-31.439748706042888,-64.181799666672941,17,gps,21:00:00
-31.439748706042888,-64.181799666672941,17,gps,21:00:00
-31.43960057985642,-64.181741882739761,17,gps,21:00:00
-31.43960057985642,-64.181741882739761,17,gps,21:00:00
-31.43945310353765,-64.181685048920581,17,gps,21:00:00
-31.43945310353765,-64.181685048920581,17,gps,21:00:00
-31.43930402796213,-64.18162338398611,17,gps,21:00:00
-31.43930402796213,-64.18162338398611,17,gps,21:00:00
-31.439152112312122,-64.181560062052851,18,gps,21:00:00
-31.439152112312122,-64.181560062052851,18,gps,21:00:00
-31.43899957062981,-64.181496562683851,18,gps,21:00:00
-31.43899957062981,-64.181496562683851,18,gps,21:00:00
-31.438848384809308,-64.181430594485951,18,gps,21:00:00
-31.438848384809308,-64.181430594485951,18,gps,21:00:00
-31.438697544527262,-64.181367044040241,18,gps,21:00:00
-31.438697544527262,-64.181367044040241,18,gps,21:00:00
-31.438549073536493,-64.181304549158371,17,gps,21:00:00
-31.438549073536493,-64.181304549158371,17,gps,21:00:00
-31.438401597040343,-64.181246425735081,17,gps,21:00:00
-31.438401597040343,-64.181246425735081,17,gps,21:00:00
-31.438257534826917,-64.181194637469281,17,gps,21:00:00
-31.438257534826917,-64.181194637469281,17,gps,21:00:00
-31.438110974578574,-64.181157168574461,17,gps,21:00:00
-31.438110974578574,-64.181157168574461,17,gps,21:00:00
-31.437964933690075,-64.18113592725181,16,gps,21:00:00
-31.437964933690075,-64.18113592725181,16,gps,21:00:00
-31.437813077343105,-64.181134797541631,17,gps,21:00:00
-31.437813077343105,-64.181134797541631,17,gps,21:00:00
-31.437660411596493,-64.181146669752861,17,gps,21:00:00
-31.437660411596493,-64.181146669752861,17,gps,21:00:00
-31.437516335492322,-64.181179129635881,16,gps,21:00:00
-31.437516335492322,-64.181179129635881,16,gps,21:00:00
-31.437379377575034,-64.181230345301331,16,gps,21:00:00
-31.437379377575034,-64.181230345301331,16,gps,21:00:00
-31.43724699075817,-64.181298189068941,16,gps,21:00:00
-31.43724699075817,-64.181298189068941,16,gps,21:00:00
-31.437111162655093,-64.181372587546221,17,gps,21:00:00
-31.437111162655093,-64.181372587546221,17,gps,21:00:00
-31.436972930670947,-64.181443927559561,17,gps,21:00:00
-31.436972930670947,-64.181443927559561,17,gps,21:00:00
-31.436831569445957,-64.181516465891111,17,gps,21:00:00
-31.436831569445957,-64.181516465891111,17,gps,21:00:00
-31.436688454121335,-64.181590654222931,17,gps,21:00:00
-31.436688454121335,-64.181590654222931,17,gps,21:00:00
-31.436546059623254,-64.181662771355331,17,gps,21:00:00
-31.436546059623254,-64.181662771355331,17,gps,21:00:00
-31.436403623920643,-64.181738593214021,17,gps,21:00:00
-31.436403623920643,-64.181738593214021,17,gps,21:00:00
-31.436256403919064,-64.181813631500891,18,gps,21:00:00
-31.436256403919064,-64.181813631500891,18,gps,21:00:00
-31.436104773306358,-64.18189267792541,18,gps,21:00:00
-31.436104773306358,-64.18189267792541,18,gps,21:00:00
-31.435948719472552,-64.181972631596511,19,gps,21:00:00
-31.435948719472552,-64.181972631596511,19,gps,21:00:00
-31.43579264268455,-64.182057742127271,19,gps,21:00:00
-31.43579264268455,-64.182057742127271,19,gps,21:00:00
-31.435632609290586,-64.18214522339481,19,gps,21:00:00
-31.435632609290586,-64.18214522339481,19,gps,21:00:00
-31.4354747948657,-64.182231683705541,19,gps,21:00:00
-31.4354747948657,-64.182231683705541,19,gps,21:00:00
-31.43531752077326,-64.182318111526971,19,gps,21:00:00
-31.43531752077326,-64.182318111526971,19,gps,21:00:00
-31.435158492056498,-64.1824053118511,19,gps,21:00:00
-31.435158492056498,-64.1824053118511,19,gps,21:00:00
-31.43500128845482,-64.182491395257391,19,gps,21:00:00
-31.43500128845482,-64.182491395257391,19,gps,21:00:00
-31.434841034213623,-64.182573637273561,19,gps,21:00:00
-31.434841034213623,-64.182573637273561,19,gps,21:00:00
-31.434682991132295,-64.182660155073451,19,gps,21:00:00
-31.434682991132295,-64.182660155073451,19,gps,21:00:00
-31.434525630192272,-64.182745682287731,19,gps,21:00:00
-31.434525630192272,-64.182745682287731,19,gps,21:00:00
-31.434370912467127,-64.182829540148921,19,gps,21:00:00
-31.434370912467127,-64.182829540148921,19,gps,21:00:00
-31.434219472154588,-64.182912555110491,18,gps,21:00:00
-31.434219472154588,-64.182912555110491,18,gps,21:00:00
-31.434068965031727,-64.182994131967661,18,gps,21:00:00
-31.434068965031727,-64.182994131967661,18,gps,21:00:00
-31.433920837186545,-64.18306707207381,17,gps,21:00:00
-31.433920837186545,-64.18306707207381,17,gps,21:00:00
-31.433779032735806,-64.18313662198831,17,gps,21:00:00
-31.433779032735806,-64.18313662198831,17,gps,21:00:00
-31.433643909276025,-64.183201446494081,16,gps,21:00:00
-31.433643909276025,-64.183201446494081,16,gps,21:00:00
-31.433516393215132,-64.183263330122131,15,gps,21:00:00
-31.433516393215132,-64.183263330122131,15,gps,21:00:00
-31.433395897195417,-64.183322838772261,14,gps,21:00:00
-31.433395897195417,-64.183322838772261,14,gps,21:00:00
-31.433279157503527,-64.183369921342651,13,gps,21:00:00
-31.433279157503527,-64.183369921342651,13,gps,21:00:00
-31.43316685188188,-64.18340427511291,12,gps,21:00:00
-31.43316685188188,-64.18340427511291,12,gps,21:00:00
-31.433056660470175,-64.183426095726791,11,gps,21:00:00
-31.433056660470175,-64.183426095726791,11,gps,21:00:00
-31.432948208219916,-64.183440706553171,11,gps,21:00:00
-31.432948208219916,-64.183440706553171,11,gps,21:00:00
-31.432842434921838,-64.183460134723791,11,gps,21:00:00
-31.432842434921838,-64.183460134723791,11,gps,21:00:00
-31.43273670765057,-64.183495754737151,11,gps,21:00:00
-31.43273670765057,-64.183495754737151,11,gps,21:00:00
-31.432634712449325,-64.183548316827311,11,gps,21:00:00
-31.432634712449325,-64.183548316827311,11,gps,21:00:00
-31.432539146335422,-64.183618384007261,11,gps,21:00:00
-31.432539146335422,-64.183618384007261,11,gps,21:00:00
-31.43245046795765,-64.183703176872851,12,gps,21:00:00
-31.43245046795765,-64.183703176872851,12,gps,21:00:00
-31.432370202027258,-64.183788518755161,11,gps,21:00:00
-31.432370202027258,-64.183788518755161,11,gps,21:00:00
-31.432285843189142,-64.183873534918991,12,gps,21:00:00
-31.432285843189142,-64.183873534918991,12,gps,21:00:00
-31.43219159907334,-64.183955479464531,13,gps,21:00:00
-31.43219159907334,-64.183955479464531,13,gps,21:00:00
-31.43208743700234,-64.184019331120941,13,gps,21:00:00
-31.43208743700234,-64.184019331120941,13,gps,21:00:00
-31.43197797217448,-64.184077524347441,13,gps,21:00:00
-31.43197797217448,-64.184077524347441,13,gps,21:00:00
-31.4318681203109,-64.184128285615981,13,gps,21:00:00
-31.4318681203109,-64.184128285615981,13,gps,21:00:00
-31.431751117301427,-64.184174161230271,13,gps,21:00:00
-31.431751117301427,-64.184174161230271,13,gps,21:00:00
-31.431624855764525,-64.184217518460121,14,gps,21:00:00
-31.431624855764525,-64.184217518460121,14,gps,21:00:00
-31.431498360214363,-64.184245189401171,14,gps,21:00:00
-31.431498360214363,-64.184245189401171,14,gps,21:00:00
-31.431374589860578,-64.184249071072661,13,gps,21:00:00
-31.431374589860578,-64.184249071072661,13,gps,21:00:00
-31.431247264204483,-64.184238422611771,13,gps,21:00:00
-31.431247264204483,-64.184238422611771,13,gps,21:00:00
-31.43112147501802,-64.184212980039871,13,gps,21:00:00
-31.43112147501802,-64.184212980039871,13,gps,21:00:00
-31.431006791594008,-64.18417709668681,13,gps,21:00:00
-31.431006791594008,-64.18417709668681,13,gps,21:00:00
-31.430902422270524,-64.184120112425181,12,gps,21:00:00
-31.430902422270524,-64.184120112425181,12,gps,21:00:00
-31.43080797399706,-64.184047096916811,12,gps,21:00:00
-31.43080797399706,-64.184047096916811,12,gps,21:00:00
-31.43072680579816,-64.183965995833091,11,gps,21:00:00
-31.43072680579816,-64.183965995833091,11,gps,21:00:00
-31.430646932592744,-64.183886201563611,11,gps,21:00:00
-31.430646932592744,-64.183886201563611,11,gps,21:00:00
-31.4305557258544,-64.183828506636931,11,gps,21:00:00
-31.4305557258544,-64.183828506636931,11,gps,21:00:00
-31.430452886048787,-64.183806570629941,11,gps,21:00:00
-31.430452886048787,-64.183806570629941,11,gps,21:00:00
-31.430340726960075,-64.183816197992971,12,gps,21:00:00
-31.430340726960075,-64.183816197992971,12,gps,21:00:00
-31.430229164967802,-64.183848768693181,12,gps,21:00:00
-31.430229164967802,-64.183848768693181,12,gps,21:00:00
-31.430121430343878,-64.183886391909511,12,gps,21:00:00
-31.430121430343878,-64.183886391909511,12,gps,21:00:00
-31.43001621862042,-64.183924459947151,12,gps,21:00:00
-31.43001621862042,-64.183924459947151,12,gps,21:00:00
-31.429908988577118,-64.183965669569571,12,gps,21:00:00
-31.429908988577118,-64.183965669569571,12,gps,21:00:00
-31.429803622438005,-64.184006593302271,12,gps,21:00:00
-31.429803622438005,-64.184006593302271,12,gps,21:00:00
-31.429702311375763,-64.184052461895971,12,gps,21:00:00
-31.429702311375763,-64.184052461895971,12,gps,21:00:00
-31.42961140521119,-64.184094596670361,10,gps,21:00:00
-31.42961140521119,-64.184094596670361,10,gps,21:00:00
-31.429535007075316,-64.184128601526851,9,gps,21:00:00
-31.429535007075316,-64.184128601526851,9,gps,21:00:00
-31.429469577442333,-64.184159365578951,7,gps,21:00:00
-31.429469577442333,-64.184159365578951,7,gps,21:00:00
-31.429409993974136,-64.18418707151171,6,gps,21:00:00
-31.429409993974136,-64.18418707151171,6,gps,21:00:00
-31.42936627210717,-64.184204802579841,5,gps,21:00:00
-31.42936627210717,-64.184204802579841,5,gps,21:00:00
-31.429334230997945,-64.18421785572551,3,gps,21:00:00
-31.429334230997945,-64.18421785572551,3,gps,21:00:00
-31.42931216970224,-64.184226703129481,2,gps,21:00:00
-31.42931216970224,-64.184226703129481,2,gps,21:00:00
-31.429297670067175,-64.184232015249851,1,gps,21:00:00
-31.429297670067175,-64.184232015249851,1,gps,21:00:00
-31.429293084105723,-64.184232896698631,0,gps,21:00:00
-31.429293084105723,-64.184232896698631,0,gps,21:00:00
-31.42928784986144,-64.184234239329641,0,gps,21:00:00
-31.42928784986144,-64.184234239329641,0,gps,21:00:00
-31.42928782037285,-64.184234246443951,0,gps,21:00:00
-31.42928782037285,-64.184234246443951,0,gps,21:00:00
-31.42928781999966,-64.1842342465421,0,gps,21:00:00
-31.42928781999966,-64.1842342465421,0,gps,21:00:00
-31.429287819994578,-64.184234246542841,0,gps,21:00:00
-31.429287819994578,-64.184234246542841,0,gps,21:00:00
-31.429287819994514,-64.184234246542861,0,gps,21:00:00
-31.429287819994514,-64.184234246542861,0,gps,21:00:00
-31.429287819994514,-64.184234246542861,0,gps,21:00:00
-31.429287819994514,-64.184234246542861,0,gps,21:00:00
-31.429287819994514,-64.184234246542861,0,gps,21:00:00
-31.429287819994514,-64.184234246542861,0,gps,21:00:00
-31.429287819994514,-64.184234246542861,0,gps,21:00:00
-31.429287819994514,-64.184234246542861,0,gps,21:00:00
-31.429287819994514,-64.184234246542861,0,gps,21:00:00
-31.429287819994514,-64.184234246542861,0,gps,21:00:00
-31.429287819994514,-64.184234246542861,0,gps,21:00:00
-31.429287819994514,-64.184234246542861,0,gps,21:00:00
-31.429287819994514,-64.184234246542861,0,gps,21:00:00
-31.429287819994514,-64.184234246542861,0,gps,21:00:00
-31.429287819994514,-64.184234246542861,0,gps,21:00:00
-31.429287819994514,-64.184234246542861,0,gps,21:00:00
-31.429287819994514,-64.184234246542861,0,gps,21:00:00
-31.429287819994514,-64.184234246542861,0,gps,21:00:00
-31.429287819994514,-64.184234246542861,0,gps,21:00:00
-31.429287819994514,-64.184234246542861,0,gps,21:00:00
-31.429287819994514,-64.184234246542861,0,gps,21:00:00
-31.429287819994514,-64.184234246542861,0,gps,21:00:00
-31.429287819994514,-64.184234246542861,0,gps,21:00:00
-31.429287819994514,-64.184234246542861,0,gps,21:00:00
-31.429287819994514,-64.184234246542861,0,gps,21:00:00
-31.429287819994514,-64.184234246542861,0,gps,21:00:00
-31.429287819994514,-64.184234246542861,0,gps,21:00:00
-31.429287819994514,-64.184234246542861,0,gps,21:00:00
-31.429287819994514,-64.184234246542861,0,gps,21:00:00
-31.429287819994514,-64.184234246542861,0,gps,21:00:00
-31.429287819994514,-64.184234246542861,0,gps,21:00:00
-31.429287819994514,-64.184234246542861,0,gps,21:00:00
